ticker,company_name,exchange,gics_sub_industry,gics_name,market_cap,addv_usd,mcap_tier,in_xbi,in_ibb,source,universe_date
ABBV,AbbVie Inc.,NYSE,35202010,Pharmaceuticals,407156260864.0,1578009105.2689617,large_cap,True,False,EDGAR,2026-03-06
AMGN,Amgen Inc.,NASDAQ,35201010,Biotechnology,199085768704.0,1067934027.6765951,large_cap,True,True,EDGAR,2026-03-06
GILD,"Gilead Sciences, Inc.",NASDAQ,35201010,Biotechnology,178733531136.0,1192366819.9746704,large_cap,True,True,EDGAR,2026-03-06
VRTX,Vertex Pharmaceuticals Incorpor,NASDAQ,35202010,Pharmaceuticals,116029743104.0,682422838.6647543,large_cap,True,True,EDGAR,2026-03-06
REGN,"Regeneron Pharmaceuticals, Inc.",NASDAQ,35202010,Pharmaceuticals,80368197632.0,594957520.6451416,large_cap,True,True,EDGAR,2026-03-06
ARGX,argenx SE,NASDAQ,35201010,Biotechnology,44562239488.0,301050081.4090983,large_cap,False,True,EDGAR,2026-03-06
ALNY,"Alnylam Pharmaceuticals, Inc.",NASDAQ,35202010,Pharmaceuticals,42483171328.0,484624025.1494344,large_cap,True,True,EDGAR,2026-03-06
ONC,BeOne Medicines Ltd.,NASDAQ,35202010,Pharmaceuticals,33257693184.0,91957163.07698567,large_cap,False,True,EDGAR,2026-03-06
INSM,Insmed Incorporated,NASDAQ,35202010,Pharmaceuticals,30213910528.0,366824114.40663654,large_cap,True,True,EDGAR,2026-03-06
NTRA,"Natera, Inc.",NASDAQ,35203010,Life Science Tools & Services,28081213440.0,242388307.02051798,large_cap,True,True,ETF,2026-03-06
BIIB,Biogen Inc.,NASDAQ,35201010,Biotechnology,27122442240.0,244831225.12405396,large_cap,True,True,EDGAR,2026-03-06
BNTX,BioNTech SE,NASDAQ,35201010,Biotechnology,25374115840.0,81919648.1351471,large_cap,False,True,EDGAR,2026-03-06
UTHR,United Therapeutics Corporation,NASDAQ,35202010,Pharmaceuticals,20984477696.0,184909777.75105795,large_cap,True,True,EDGAR,2026-03-06
ROIV,Roivant Sciences Ltd.,NASDAQ,35202010,Pharmaceuticals,20622927872.0,171587633.49655786,large_cap,True,True,EDGAR,2026-03-06
MRNA,"Moderna, Inc.",NASDAQ,35201010,Biotechnology,20592142336.0,578281522.0807139,large_cap,True,True,EDGAR,2026-03-06
EXAS,Exact Sciences Corporation,NASDAQ,35203010,Life Science Tools & Services,19756929024.0,238927531.21510825,large_cap,True,False,ETF,2026-03-06
RVMD,"Revolution Medicines, Inc.",NASDAQ,35201010,Biotechnology,19510169600.0,269147316.0030365,large_cap,True,True,EDGAR,2026-03-06
INCY,Incyte Corporation,NASDAQ,35201010,Biotechnology,19093448704.0,187291099.53188577,large_cap,True,True,ETF,2026-03-06
ILMN,"Illumina, Inc.",NASDAQ,35203010,Life Science Tools & Services,19054397440.0,312133389.410731,large_cap,False,True,ETF,2026-03-06
GMAB,Genmab A/S,NASDAQ,35202010,Pharmaceuticals,16661348352.0,49903872.74727503,large_cap,False,True,EDGAR,2026-03-06
ASND,Ascendis Pharma A/S,NASDAQ,35202010,Pharmaceuticals,14784086016.0,179431671.4074707,large_cap,False,True,EDGAR,2026-03-06
MEDP,"Medpace Holdings, Inc.",NASDAQ,35203010,Life Science Tools & Services,13355948032.0,197348773.36191812,large_cap,False,True,ETF,2026-03-06
NBIX,"Neurocrine Biosciences, Inc.",NASDAQ,35201010,Biotechnology,12839497728.0,161071359.17633057,large_cap,True,True,EDGAR,2026-03-06
BBIO,"BridgeBio Pharma, Inc.",NASDAQ,35202010,Pharmaceuticals,12738728960.0,223807522.04669952,large_cap,True,True,EDGAR,2026-03-06
IONS,"Ionis Pharmaceuticals, Inc.",NASDAQ,35202010,Pharmaceuticals,12242380800.0,184200589.58058676,large_cap,True,True,EDGAR,2026-03-06
BMRN,BioMarin Pharmaceutical Inc.,NASDAQ,35202010,Pharmaceuticals,11777883136.0,134233409.57930246,large_cap,True,True,EDGAR,2026-03-06
SMMT,Summit Therapeutics Inc.,NASDAQ,35202010,Pharmaceuticals,11754649600.0,38424039.50084368,large_cap,True,True,EDGAR,2026-03-06
EXEL,"Exelixis, Inc.",NASDAQ,35201010,Biotechnology,11145422848.0,130886758.83485158,large_cap,True,True,EDGAR,2026-03-06
MDGL,"Madrigal Pharmaceuticals, Inc.",NASDAQ,35202010,Pharmaceuticals,9864477696.0,173082441.24562582,mid_cap,True,True,EDGAR,2026-03-06
TEM,"Tempus AI, Inc.",NASDAQ,,,9342712832.0,324879101.37471515,mid_cap,False,True,ETF,2026-03-06
IBRX,"ImmunityBio, Inc.",NASDAQ,35201010,Biotechnology,8893163520.0,318143178.6068662,mid_cap,True,True,EDGAR,2026-03-06
ABVX,Abivax SA,NASDAQ,35202010,Pharmaceuticals,8662010880.0,100761627.10619609,mid_cap,False,True,EDGAR,2026-03-06
PRAX,"Praxis Precision Medicines, Inc",NASDAQ,35202010,Pharmaceuticals,8628745216.0,150179372.31536865,mid_cap,True,True,EDGAR,2026-03-06
PCVX,"Vaxcyte, Inc.",NASDAQ,35201010,Biotechnology,8597662720.0,91390649.19564565,mid_cap,True,True,EDGAR,2026-03-06
CRL,Charles River Laboratories Inte,NYSE,35203010,Life Science Tools & Services,8589857280.0,196422858.54532877,mid_cap,False,True,ETF,2026-03-06
TECH,Bio-Techne Corp,NASDAQ,35201010,Biotechnology,8446913536.0,154650799.57026163,mid_cap,False,True,EDGAR,2026-03-06
ARWR,"Arrowhead Pharmaceuticals, Inc.",NASDAQ,35202010,Pharmaceuticals,8366923264.0,201442976.04483286,mid_cap,True,True,EDGAR,2026-03-06
AXSM,"Axsome Therapeutics, Inc.",NASDAQ,35202010,Pharmaceuticals,8316501504.0,103329921.62846883,mid_cap,False,True,EDGAR,2026-03-06
HALO,"Halozyme Therapeutics, Inc.",NASDAQ,35201010,Biotechnology,7946084864.0,152395513.53597006,mid_cap,True,True,EDGAR,2026-03-06
NUVL,"Nuvalent, Inc.",NASDAQ,35202010,Pharmaceuticals,7801165312.0,53361703.981170654,mid_cap,True,True,EDGAR,2026-03-06
KRYS,"Krystal Biotech, Inc.",NASDAQ,35201010,Biotechnology,7434037760.0,80038620.51045735,mid_cap,True,True,EDGAR,2026-03-06
CYTK,"Cytokinetics, Incorporated",NASDAQ,35202010,Pharmaceuticals,7390303744.0,115384746.46581014,mid_cap,True,True,EDGAR,2026-03-06
GRFS,"Grifols, S.A.",NASDAQ,35202010,Pharmaceuticals,7067492864.0,5421556.635739009,mid_cap,False,True,EDGAR,2026-03-06
KYMR,"Kymera Therapeutics, Inc.",NASDAQ,35201010,Biotechnology,6779992064.0,69207751.68718974,mid_cap,True,True,EDGAR,2026-03-06
RGEN,Repligen Corporation,NASDAQ,35201010,Biotechnology,6766211584.0,113397534.7555542,mid_cap,False,True,EDGAR,2026-03-06
ACLX,"Arcellx, Inc.",NASDAQ,35201010,Biotechnology,6691845120.0,344965261.67706805,mid_cap,True,True,EDGAR,2026-03-06
RYTM,"Rhythm Pharmaceuticals, Inc.",NASDAQ,35202010,Pharmaceuticals,6391821312.0,73407194.44580078,mid_cap,True,True,EDGAR,2026-03-06
COGT,"Cogent Biosciences, Inc.",NASDAQ,35202010,Pharmaceuticals,6012729856.0,68721077.6075236,mid_cap,True,True,EDGAR,2026-03-06
PTGX,"Protagonist Therapeutics, Inc.",NASDAQ,35202010,Pharmaceuticals,5869763584.0,55550002.86646525,mid_cap,True,True,EDGAR,2026-03-06
BRKR,Bruker Corporation,NASDAQ,,,5583401984.0,98917646.51331584,mid_cap,False,True,ETF,2026-03-06
IMVT,"Immunovant, Inc.",NASDAQ,35201010,Biotechnology,5412938240.0,34343021.92450205,mid_cap,True,True,EDGAR,2026-03-06
CRSP,CRISPR Therapeutics AG,NASDAQ,35201010,Biotechnology,5375657472.0,92475673.00638835,mid_cap,True,True,EDGAR,2026-03-06
CELC,Celcuity Inc.,NASDAQ,35201010,Biotechnology,5321195008.0,79089954.7088623,mid_cap,True,False,ETF,2026-03-06
CAI,"Caris Life Sciences, Inc.",NASDAQ,35201010,Biotechnology,5245111296.0,53111332.80139923,mid_cap,False,True,ETF,2026-03-06
MIRM,"Mirum Pharmaceuticals, Inc.",NASDAQ,35202010,Pharmaceuticals,5211705344.0,76008887.31018066,mid_cap,True,True,EDGAR,2026-03-06
CGON,"CG Oncology, Inc.",NASDAQ,35201010,Biotechnology,5211340800.0,52446180.39101919,mid_cap,True,True,EDGAR,2026-03-06
PTCT,"PTC Therapeutics, Inc.",NASDAQ,35202010,Pharmaceuticals,5193286656.0,83121053.39335124,mid_cap,True,True,EDGAR,2026-03-06
APGE,"Apogee Therapeutics, Inc.",NASDAQ,35201010,Biotechnology,4958340608.0,70468367.59660085,mid_cap,True,True,EDGAR,2026-03-06
ALKS,Alkermes plc,NASDAQ,35202010,Pharmaceuticals,4770354176.0,66163277.80643463,mid_cap,True,True,EDGAR,2026-03-06
ERAS,"Erasca, Inc.",NASDAQ,35202010,Pharmaceuticals,4769184768.0,54938142.09828695,mid_cap,True,True,EDGAR,2026-03-06
TERN,"Terns Pharmaceuticals, Inc.",NASDAQ,35202010,Pharmaceuticals,4665028608.0,76030391.86756134,mid_cap,False,True,EDGAR,2026-03-06
TGTX,"TG Therapeutics, Inc.",NASDAQ,35202010,Pharmaceuticals,4658106368.0,48350509.10317103,mid_cap,True,False,EDGAR,2026-03-06
SRRK,Scholar Rock Holding Corporatio,NASDAQ,35201010,Biotechnology,4620937728.0,50388797.465171814,mid_cap,True,True,EDGAR,2026-03-06
FOLD,"Amicus Therapeutics, Inc.",NASDAQ,35202010,Pharmaceuticals,4501199872.0,85605255.7509772,mid_cap,True,True,EDGAR,2026-03-06
STVN,Stevanato Group S.p.A.,NYSE,,,4234287104.0,14304349.208056131,mid_cap,False,True,ETF,2026-03-06
GPCR,Structure Therapeutics Inc.,NASDAQ,35202010,Pharmaceuticals,4109179136.0,65607901.83481852,mid_cap,False,True,EDGAR,2026-03-06
CRNX,"Crinetics Pharmaceuticals, Inc.",NASDAQ,35202010,Pharmaceuticals,3991366912.0,45985692.02156067,mid_cap,False,True,EDGAR,2026-03-06
VKTX,"Viking Therapeutics, Inc.",NASDAQ,35202010,Pharmaceuticals,3815602944.0,90216517.26015091,mid_cap,True,False,EDGAR,2026-03-06
CNTA,Centessa Pharmaceuticals plc,NASDAQ,35202010,Pharmaceuticals,3791395840.0,31963878.99195989,mid_cap,False,True,EDGAR,2026-03-06
ACAD,ACADIA Pharmaceuticals Inc.,NASDAQ,35202010,Pharmaceuticals,3766225920.0,41426834.33573405,mid_cap,True,True,EDGAR,2026-03-06
ADMA,ADMA Biologics Inc,NASDAQ,35201010,Biotechnology,3664078848.0,47427074.91254171,mid_cap,True,True,EDGAR,2026-03-06
LEGN,Legend Biotech Corporation,NASDAQ,35202010,Pharmaceuticals,3484168704.0,45449786.163679756,mid_cap,False,True,EDGAR,2026-03-06
NAMS,NewAmsterdam Pharma Company N.V,NASDAQ,35202010,Pharmaceuticals,3426267648.0,24771459.204063416,mid_cap,False,True,EDGAR,2026-03-06
ALMS,Alumis Inc.,NASDAQ,35202010,Pharmaceuticals,3346080256.0,38672740.02531687,mid_cap,False,True,EDGAR,2026-03-06
XENE,Xenon Pharmaceuticals Inc.,NASDAQ,35202010,Pharmaceuticals,3239368192.0,36428994.95681763,mid_cap,False,True,EDGAR,2026-03-06
SYRE,"Spyre Therapeutics, Inc.",NASDAQ,35202010,Pharmaceuticals,3146318848.0,26628442.684809368,mid_cap,True,True,EDGAR,2026-03-06
TARS,"Tarsus Pharmaceuticals, Inc.",NASDAQ,35201010,Biotechnology,3112867584.0,42222219.375445046,mid_cap,False,True,EDGAR,2026-03-06
DNLI,Denali Therapeutics Inc.,NASDAQ,35201010,Biotechnology,3062265600.0,35787793.32838694,mid_cap,True,True,EDGAR,2026-03-06
EWTX,"Edgewise Therapeutics, Inc.",NASDAQ,35202010,Pharmaceuticals,2980511488.0,26262642.737789154,mid_cap,False,True,EDGAR,2026-03-06
CPRX,"Catalyst Pharmaceuticals, Inc.",NASDAQ,35202010,Pharmaceuticals,2973250560.0,31239596.28791173,mid_cap,True,False,EDGAR,2026-03-06
ARQT,"Arcutis Biotherapeutics, Inc.",NASDAQ,35202010,Pharmaceuticals,2972460032.0,36035121.73246384,mid_cap,True,True,EDGAR,2026-03-06
IDYA,"IDEAYA Biosciences, Inc.",NASDAQ,35202010,Pharmaceuticals,2911912960.0,29038125.780855816,mid_cap,True,True,EDGAR,2026-03-06
VRDN,"Viridian Therapeutics, Inc.",NASDAQ,35202010,Pharmaceuticals,2892956928.0,43750512.06637701,mid_cap,True,False,EDGAR,2026-03-06
TWST,Twist Bioscience Corporation,NASDAQ,35201010,Biotechnology,2872146944.0,68155516.81325276,mid_cap,True,True,EDGAR,2026-03-06
DNTH,"Dianthus Therapeutics, Inc.",NASDAQ,35202010,Pharmaceuticals,2822467840.0,42358944.20272827,mid_cap,True,False,EDGAR,2026-03-06
VERA,"Vera Therapeutics, Inc.",NASDAQ,35202010,Pharmaceuticals,2781086976.0,43968628.63285065,mid_cap,True,True,EDGAR,2026-03-06
RCUS,"Arcus Biosciences, Inc.",NYSE,35202010,Pharmaceuticals,2733782016.0,23586411.898212433,mid_cap,True,True,EDGAR,2026-03-06
BEAM,Beam Therapeutics Inc.,NASDAQ,35201010,Biotechnology,2690023424.0,53695017.9132843,mid_cap,True,True,EDGAR,2026-03-06
VCYT,"Veracyte, Inc.",NASDAQ,35203010,Life Science Tools & Services,2689667584.0,34574167.61833191,mid_cap,True,True,ETF,2026-03-06
TXG,"10x Genomics, Inc.",NASDAQ,,,2658524416.0,55761317.27843603,mid_cap,False,True,ETF,2026-03-06
APLS,"Apellis Pharmaceuticals, Inc.",NASDAQ,35202010,Pharmaceuticals,2569381376.0,64214776.39273325,mid_cap,True,True,EDGAR,2026-03-06
TVTX,"Travere Therapeutics, Inc.",NASDAQ,35202010,Pharmaceuticals,2504358144.0,46313741.85869217,mid_cap,True,True,EDGAR,2026-03-06
WVE,Wave Life Sciences Ltd.,NASDAQ,35202010,Pharmaceuticals,2469773312.0,39380881.40716871,mid_cap,False,True,EDGAR,2026-03-06
DYN,"Dyne Therapeutics, Inc.",NASDAQ,35202010,Pharmaceuticals,2443439360.0,32399907.716852825,mid_cap,True,True,EDGAR,2026-03-06
IRON,"Disc Medicine, Inc.",NASDAQ,35202010,Pharmaceuticals,2330435072.0,55724003.32841238,mid_cap,True,True,EDGAR,2026-03-06
IMNM,"Immunome, Inc.",NASDAQ,35202010,Pharmaceuticals,2314834176.0,30370039.912172955,mid_cap,True,False,EDGAR,2026-03-06
ADPT,Adaptive Biotechnologies Corpor,NASDAQ,35201010,Biotechnology,2285856512.0,29936284.61444219,mid_cap,False,True,EDGAR,2026-03-06
TNGX,"Tango Therapeutics, Inc.",NASDAQ,35202010,Pharmaceuticals,2279409664.0,40818858.70741526,mid_cap,True,True,EDGAR,2026-03-06
DAWN,"Day One Biopharmaceuticals, Inc",NASDAQ,35202010,Pharmaceuticals,2190427392.0,27891822.20703125,mid_cap,True,True,EDGAR,2026-03-06
GLPG,Galapagos NV,NASDAQ,35202010,Pharmaceuticals,2164059904.0,3352832.092437744,mid_cap,False,True,EDGAR,2026-03-06
MAZE,"Maze Therapeutics, Inc.",NASDAQ,35201010,Biotechnology,2162006528.0,21843347.1738561,mid_cap,False,True,EDGAR,2026-03-06
ZLAB,Zai Lab Limited,NASDAQ,35202010,Pharmaceuticals,2158600704.0,13064590.707200369,mid_cap,False,True,EDGAR,2026-03-06
SLNO,"Soleno Therapeutics, Inc.",NASDAQ,35202010,Pharmaceuticals,2125842816.0,60896076.258862816,mid_cap,True,False,EDGAR,2026-03-06
BCRX,"BioCryst Pharmaceuticals, Inc.",NASDAQ,35201010,Biotechnology,2123027328.0,34484771.62050565,mid_cap,True,True,EDGAR,2026-03-06
IOVA,"Iovance Biotherapeutics, Inc.",NASDAQ,35201010,Biotechnology,2105123840.0,50538599.529817104,mid_cap,True,True,EDGAR,2026-03-06
MLYS,"Mineralys Therapeutics, Inc.",NASDAQ,35202010,Pharmaceuticals,2101957120.0,31583509.93862152,mid_cap,True,True,EDGAR,2026-03-06
MESO,Mesoblast Limited,NASDAQ,35201010,Biotechnology,2097115648.0,4075698.917951584,mid_cap,False,True,EDGAR,2026-03-06
RARE,Ultragenyx Pharmaceutical Inc.,NASDAQ,35202010,Pharmaceuticals,2055798784.0,52014756.188189186,mid_cap,True,True,EDGAR,2026-03-06
GRAL,"GRAIL, Inc.",NASDAQ,35203010,Life Science Tools & Services,2025844224.0,116235688.89204662,mid_cap,True,True,ETF,2026-03-06
STOK,"Stoke Therapeutics, Inc.",NASDAQ,35202010,Pharmaceuticals,2016521088.0,20870939.390939075,mid_cap,True,True,EDGAR,2026-03-06
CLDX,"Celldex Therapeutics, Inc.",NASDAQ,35203010,Life Science Tools & Services,1953056512.0,22684137.53429413,small_cap,True,False,EDGAR,2026-03-06
SNDX,"Syndax Pharmaceuticals, Inc.",NASDAQ,35202010,Pharmaceuticals,1946587008.0,26326186.732622784,small_cap,True,True,EDGAR,2026-03-06
AUPH,Aurinia Pharmaceuticals Inc,NASDAQ,35202010,Pharmaceuticals,1904144384.0,14222107.576360703,small_cap,False,True,EDGAR,2026-03-06
TYRA,"Tyra Biosciences, Inc.",NASDAQ,35202010,Pharmaceuticals,1880298880.0,32308034.84694163,small_cap,True,True,EDGAR,2026-03-06
ZYME,Zymeworks Inc.,NASDAQ,35202010,Pharmaceuticals,1833320576.0,14408466.76627477,small_cap,False,True,EDGAR,2026-03-06
RXRX,"Recursion Pharmaceuticals, Inc.",NASDAQ,35201010,Biotechnology,1800962816.0,81630252.73999691,small_cap,True,True,EDGAR,2026-03-06
RLAY,"Relay Therapeutics, Inc.",NASDAQ,35201010,Biotechnology,1767598336.0,21585773.526682854,small_cap,True,True,EDGAR,2026-03-06
ELVN,"Enliven Therapeutics, Inc.",NASDAQ,35202010,Pharmaceuticals,1751339264.0,21840520.721855164,small_cap,False,True,EDGAR,2026-03-06
SRPT,"Sarepta Therapeutics, Inc.",NASDAQ,35202010,Pharmaceuticals,1744405120.0,49750789.127168655,small_cap,True,True,EDGAR,2026-03-06
OLMA,"Olema Pharmaceuticals, Inc.",NASDAQ,35202010,Pharmaceuticals,1725843072.0,31740760.219338734,small_cap,True,True,EDGAR,2026-03-06
TRVI,"Trevi Therapeutics, Inc.",NASDAQ,35202010,Pharmaceuticals,1706743168.0,15994451.962467829,small_cap,False,True,EDGAR,2026-03-06
DFTX,"Definium Therapeutics, Inc.",NASDAQ,35202010,Pharmaceuticals,1706196736.0,28866564.333197277,small_cap,False,True,EDGAR,2026-03-06
VCEL,Vericel Corporation,NASDAQ,35201010,Biotechnology,1704632320.0,16887888.16083272,small_cap,True,True,EDGAR,2026-03-06
PHVS,Pharvaris N.V.,NASDAQ,35202010,Pharmaceuticals,1685048320.0,3451311.18062973,small_cap,False,True,EDGAR,2026-03-06
IMCR,Immunocore Holdings plc,NASDAQ,35201010,Biotechnology,1677753728.0,14800165.511608124,small_cap,False,True,EDGAR,2026-03-06
NVAX,"Novavax, Inc.",NASDAQ,35201010,Biotechnology,1629359488.0,50302392.93204626,small_cap,True,True,EDGAR,2026-03-06
AGIO,"Agios Pharmaceuticals, Inc.",NASDAQ,35202010,Pharmaceuticals,1608355200.0,25386845.789489746,small_cap,True,True,EDGAR,2026-03-06
ORKA,"Oruka Therapeutics, Inc.",NASDAQ,35202010,Pharmaceuticals,1594358144.0,13094938.880290985,small_cap,True,True,EDGAR,2026-03-06
PVLA,"Palvella Therapeutics, Inc.",NASDAQ,35202010,Pharmaceuticals,1591534464.0,39294171.491877235,small_cap,True,False,EDGAR,2026-03-06
NTLA,"Intellia Therapeutics, Inc.",NASDAQ,35203010,Life Science Tools & Services,1590077568.0,69829951.18834496,small_cap,True,True,EDGAR,2026-03-06
NUVB,Nuvation Bio Inc.,NYSE,35202010,Pharmaceuticals,1585604608.0,29958045.943772,small_cap,False,True,EDGAR,2026-03-06
SION,"Sionna Therapeutics, Inc.",NASDAQ,35202010,Pharmaceuticals,1584321920.0,11140268.395373026,small_cap,True,True,EDGAR,2026-03-06
NRIX,"Nurix Therapeutics, Inc.",NASDAQ,35202010,Pharmaceuticals,1550872576.0,15872189.559434256,small_cap,True,True,EDGAR,2026-03-06
ANAB,"AnaptysBio, Inc.",NASDAQ,35202010,Pharmaceuticals,1550683136.0,24047357.02868144,small_cap,True,True,EDGAR,2026-03-06
ORIC,"Oric Pharmaceuticals, Inc.",NASDAQ,35202010,Pharmaceuticals,1533941120.0,18694821.771411896,small_cap,True,True,EDGAR,2026-03-06
AMLX,"Amylyx Pharmaceuticals, Inc.",NASDAQ,35202010,Pharmaceuticals,1521550080.0,16291258.62282435,small_cap,False,True,EDGAR,2026-03-06
ARDX,"Ardelyx, Inc.",NASDAQ,35202010,Pharmaceuticals,1520534016.0,27501571.545767784,small_cap,True,False,EDGAR,2026-03-06
KOD,Kodiak Sciences Inc,NASDAQ,35201010,Biotechnology,1517053440.0,16423547.0448939,small_cap,True,True,EDGAR,2026-03-06
VIR,"Vir Biotechnology, Inc.",NASDAQ,35201010,Biotechnology,1504062592.0,42477414.08124129,small_cap,True,True,EDGAR,2026-03-06
NVCR,NovoCure Limited,NASDAQ,,,1483878912.0,32845243.360522587,small_cap,False,True,ETF,2026-03-06
RAPP,"Rapport Therapeutics, Inc.",NASDAQ,35202010,Pharmaceuticals,1441749376.0,8945077.501945496,small_cap,False,True,EDGAR,2026-03-06
MBX,"MBX Biosciences, Inc.",NASDAQ,35202010,Pharmaceuticals,1369969280.0,23464604.487234753,small_cap,False,True,EDGAR,2026-03-06
ZBIO,"Zenas BioPharma, Inc.",NASDAQ,35202010,Pharmaceuticals,1360230144.0,16980900.640188854,small_cap,False,True,EDGAR,2026-03-06
GLUE,"Monte Rosa Therapeutics, Inc.",NASDAQ,35201010,Biotechnology,1351784064.0,21136187.312520344,small_cap,True,True,EDGAR,2026-03-06
CRVS,"Corvus Pharmaceuticals, Inc.",NASDAQ,35202010,Pharmaceuticals,1327717248.0,48451249.94263967,small_cap,True,True,EDGAR,2026-03-06
BHVN,Biohaven Ltd.,NYSE,35202010,Pharmaceuticals,1312196352.0,25009526.921014786,small_cap,True,True,EDGAR,2026-03-06
MRVI,"Maravai LifeSciences Holdings, ",NASDAQ,35202010,Pharmaceuticals,1305517184.0,3716425.830961863,small_cap,False,True,EDGAR,2026-03-06
SEPN,"Septerna, Inc.",NASDAQ,35202010,Pharmaceuticals,1285243136.0,8533816.272392273,small_cap,False,True,EDGAR,2026-03-06
ALVO,Alvotech,NASDAQ,35201010,Biotechnology,1255783808.0,2451004.8196204505,small_cap,False,True,EDGAR,2026-03-06
TSHA,"Taysha Gene Therapies, Inc.",NASDAQ,35201010,Biotechnology,1250441856.0,11357059.711109797,small_cap,True,True,EDGAR,2026-03-06
ATAI,AtaiBeckley Inc.,NASDAQ,35202010,Pharmaceuticals,1240377856.0,16230358.527420362,small_cap,False,True,EDGAR,2026-03-06
PGEN,"Precigen, Inc.",NASDAQ,35202010,Pharmaceuticals,1171159168.0,20043820.691922504,small_cap,True,True,EDGAR,2026-03-06
SVRA,"Savara, Inc.",NASDAQ,35202010,Pharmaceuticals,1076344832.0,8489937.56166617,small_cap,True,True,EDGAR,2026-03-06
ABCL,AbCellera Biologics Inc.,NASDAQ,35202010,Pharmaceuticals,1041356224.0,15326025.12902975,small_cap,False,True,EDGAR,2026-03-06
BCAX,Bicara Therapeutics Inc.,NASDAQ,35202010,Pharmaceuticals,1007987904.0,8169203.698218663,small_cap,True,True,EDGAR,2026-03-06
INBX,"Inhibrx Biosciences, Inc.",NASDAQ,35201010,Biotechnology,1007590144.0,14927301.39310201,small_cap,True,True,EDGAR,2026-03-06
GHRS,GH Research PLC,NASDAQ,35202010,Pharmaceuticals,989989184.0,3152060.8009084067,small_cap,False,True,EDGAR,2026-03-06
GERN,Geron Corporation,NASDAQ,35202010,Pharmaceuticals,986258880.0,27768304.948495228,small_cap,True,True,EDGAR,2026-03-06
CMPX,"Compass Therapeutics, Inc.",NASDAQ,35201010,Biotechnology,980909440.0,13508678.514650663,small_cap,True,False,EDGAR,2026-03-06
AVBP,"ArriVent BioPharma, Inc.",NASDAQ,35202010,Pharmaceuticals,977129792.0,11085163.24757258,small_cap,True,True,EDGAR,2026-03-06
URGN,UroGen Pharma Ltd.,NASDAQ,35202010,Pharmaceuticals,954667392.0,17038147.670497894,small_cap,False,True,EDGAR,2026-03-06
CDNA,"CareDx, Inc.",NASDAQ,35203010,Life Science Tools & Services,952230080.0,13259230.279032389,small_cap,True,True,ETF,2026-03-06
CGEM,"Cullinan Therapeutics, Inc.",NASDAQ,35201010,Biotechnology,933109504.0,10866625.475203196,small_cap,True,True,EDGAR,2026-03-06
OPK,"Opko Health, Inc.",NASDAQ,35202010,Pharmaceuticals,902049024.0,3366063.1016409397,small_cap,False,True,EDGAR,2026-03-06
SPRY,"ARS Pharmaceuticals, Inc.",NASDAQ,35202010,Pharmaceuticals,900510784.0,10815669.759550095,small_cap,True,True,EDGAR,2026-03-06
FTRE,Fortrea Holdings Inc.,NASDAQ,35201010,Biotechnology,898534976.0,22831571.649707157,small_cap,False,True,ETF,2026-03-06
QURE,uniQure N.V.,NASDAQ,35202010,Pharmaceuticals,889331904.0,64940313.01843325,small_cap,True,True,EDGAR,2026-03-06
ABUS,Arbutus Biopharma Corporation,NASDAQ,35202010,Pharmaceuticals,877959168.0,10051383.59796683,small_cap,True,True,EDGAR,2026-03-06
ARVN,"Arvinas, Inc.",NASDAQ,35202010,Pharmaceuticals,872487040.0,10897174.101400375,small_cap,False,True,EDGAR,2026-03-06
BIOA,"BioAge Labs, Inc.",NASDAQ,35202010,Pharmaceuticals,847992704.0,12943246.761461893,small_cap,False,True,EDGAR,2026-03-06
PHAT,"Phathom Pharmaceuticals, Inc.",NASDAQ,35202010,Pharmaceuticals,843146176.0,12713613.14213117,small_cap,False,True,EDGAR,2026-03-06
JANX,"Janux Therapeutics, Inc.",NASDAQ,35202010,Pharmaceuticals,840997632.0,17954902.753194172,small_cap,True,True,EDGAR,2026-03-06
SANA,"Sana Biotechnology, Inc.",NASDAQ,35201010,Biotechnology,835057728.0,9052730.10371367,small_cap,True,True,EDGAR,2026-03-06
BBOT,BridgeBio Oncology Therapeutics,NASDAQ,35202010,Pharmaceuticals,833082176.0,3012698.0397288003,small_cap,False,True,EDGAR,2026-03-06
XNCR,"Xencor, Inc.",NASDAQ,35202010,Pharmaceuticals,829093376.0,7769211.032450994,small_cap,True,True,EDGAR,2026-03-06
KALV,"KalVista Pharmaceuticals, Inc.",NASDAQ,35202010,Pharmaceuticals,820113600.0,10713735.508267084,small_cap,True,True,EDGAR,2026-03-06
CSTL,"Castle Biosciences, Inc.",NASDAQ,35203010,Life Science Tools & Services,806310144.0,15978137.717577616,small_cap,False,True,ETF,2026-03-06
MNKD,MannKind Corporation,NASDAQ,35202010,Pharmaceuticals,805682688.0,25744109.715679485,small_cap,True,True,EDGAR,2026-03-06
CTMX,"CytomX Therapeutics, Inc.",NASDAQ,35202010,Pharmaceuticals,793804800.0,17377615.11709849,small_cap,True,True,EDGAR,2026-03-06
KURA,"Kura Oncology, Inc.",NASDAQ,35202010,Pharmaceuticals,778806784.0,12275586.683106422,small_cap,True,True,EDGAR,2026-03-06
ANNX,"Annexon, Inc.",NASDAQ,35202010,Pharmaceuticals,772854656.0,14336680.419842402,small_cap,True,True,EDGAR,2026-03-06
CMPS,COMPASS Pathways Plc - American,NASDAQ,35202010,Pharmaceuticals,745806976.0,28297525.313380558,small_cap,False,True,EDGAR,2026-03-06
PRME,"Prime Medicine, Inc.",NASDAQ,35201010,Biotechnology,722042624.0,11660554.15516138,small_cap,True,True,EDGAR,2026-03-06
PSNL,"Personalis, Inc.",NASDAQ,35203010,Life Science Tools & Services,696226112.0,12224135.734443665,small_cap,False,True,ETF,2026-03-06
TBPH,"Theravance Biopharma, Inc.",NASDAQ,35202010,Pharmaceuticals,688891712.0,11674021.986894608,small_cap,False,True,EDGAR,2026-03-06
TECX,"Tectonic Therapeutic, Inc.",NASDAQ,35201010,Biotechnology,674831936.0,10698515.938529968,small_cap,False,True,EDGAR,2026-03-06
MDXG,"MiMedx Group, Inc",NASDAQ,35201010,Biotechnology,668549632.0,4942957.1180899935,small_cap,True,False,ETF,2026-03-06
REPL,"Replimune Group, Inc.",NASDAQ,35201010,Biotechnology,664709568.0,9003627.036074003,small_cap,True,True,EDGAR,2026-03-06
ANRO,"Alto Neuroscience, Inc.",NYSE,35202010,Pharmaceuticals,649907776.0,3563627.9953479767,small_cap,False,True,EDGAR,2026-03-06
DSGN,"Design Therapeutics, Inc.",NASDAQ,35202010,Pharmaceuticals,573625024.0,2602303.292824427,small_cap,False,True,EDGAR,2026-03-06
IRWD,"Ironwood Pharmaceuticals, Inc.",NASDAQ,35202010,Pharmaceuticals,569888832.0,13032829.56231594,small_cap,True,True,EDGAR,2026-03-06
MGTX,MeiraGTx Holdings plc,NASDAQ,35201010,Biotechnology,564241152.0,2709115.3624566398,small_cap,False,True,EDGAR,2026-03-06
CATX,"Perspective Therapeutics, Inc.",AMEX,35202010,Pharmaceuticals,563305152.0,25175169.931286175,small_cap,False,True,EDGAR,2026-03-06
FULC,"Fulcrum Therapeutics, Inc.",NASDAQ,35202010,Pharmaceuticals,543124672.0,8907951.174397469,small_cap,False,True,EDGAR,2026-03-06
CTKB,"Cytek Biosciences, Inc.",NASDAQ,,,542481536.0,3858696.170605024,small_cap,False,True,ETF,2026-03-06
RIGL,"Rigel Pharmaceuticals, Inc.",NASDAQ,35202010,Pharmaceuticals,523666272.0,11870008.105754852,small_cap,True,True,EDGAR,2026-03-06
SLDB,Solid Biosciences Inc.,NASDAQ,35201010,Biotechnology,523556800.0,7051267.003723781,small_cap,False,True,EDGAR,2026-03-06
NMRA,"Neumora Therapeutics, Inc.",NASDAQ,35201010,Biotechnology,520861344.0,4061932.340306441,small_cap,False,True,EDGAR,2026-03-06
ALLO,"Allogene Therapeutics, Inc.",NASDAQ,35201010,Biotechnology,515755712.0,12295070.92108488,small_cap,False,True,EDGAR,2026-03-06
PRTA,Prothena Corporation plc,NASDAQ,35202010,Pharmaceuticals,514643360.0,4173662.474527359,small_cap,True,True,EDGAR,2026-03-06
ADCT,ADC Therapeutics SA,NYSE,35202010,Pharmaceuticals,507896160.0,3377795.836531321,small_cap,False,True,EDGAR,2026-03-06
IVVD,"Invivyd, Inc.",NASDAQ,35201010,Biotechnology,506166720.0,4536070.675863028,small_cap,True,False,EDGAR,2026-03-06
ZVRA,"Zevra Therapeutics, Inc.",NASDAQ,35202010,Pharmaceuticals,505833344.0,7007842.969748179,small_cap,False,True,EDGAR,2026-03-06
CTNM,"Contineum Therapeutics, Inc.",NASDAQ,35202010,Pharmaceuticals,505202272.0,3556866.1525535583,small_cap,False,True,EDGAR,2026-03-06
LXEO,"Lexeo Therapeutics, Inc.",NASDAQ,35201010,Biotechnology,499963200.0,5013751.143690745,small_cap,True,True,EDGAR,2026-03-06
FDMT,"4D Molecular Therapeutics, Inc.",NASDAQ,35201010,Biotechnology,486219520.0,7190132.834361394,small_cap,True,True,EDGAR,2026-03-06
TRDA,"Entrada Therapeutics, Inc.",NASDAQ,35202010,Pharmaceuticals,484679392.0,2635559.903113047,small_cap,False,True,EDGAR,2026-03-06
MYGN,"Myriad Genetics, Inc.",NASDAQ,35203010,Life Science Tools & Services,482502144.0,6729821.125227611,small_cap,True,True,EDGAR,2026-03-06
VSTM,"Verastem, Inc.",NASDAQ,35202010,Pharmaceuticals,482046720.0,9934680.499728521,small_cap,True,False,EDGAR,2026-03-06
KYTX,"Kyverna Therapeutics, Inc.",NASDAQ,35201010,Biotechnology,481621344.0,5712962.836823463,small_cap,False,True,EDGAR,2026-03-06
RCKT,"Rocket Pharmaceuticals, Inc.",NASDAQ,35202010,Pharmaceuticals,478247104.0,10185585.367459456,small_cap,False,True,EDGAR,2026-03-06
LYEL,"Lyell Immunopharma, Inc.",NASDAQ,35202010,Pharmaceuticals,477351616.0,2320889.706516266,small_cap,False,True,EDGAR,2026-03-06
VNDA,Vanda Pharmaceuticals Inc.,NASDAQ,35202010,Pharmaceuticals,464884672.0,25833504.03080781,small_cap,False,True,EDGAR,2026-03-06
AVIR,"Atea Pharmaceuticals, Inc.",NASDAQ,35202010,Pharmaceuticals,458604320.0,2606004.5873943963,small_cap,False,True,EDGAR,2026-03-06
FLGT,"Fulgent Genetics, Inc.",NASDAQ,35203010,Life Science Tools & Services,456904160.0,7940819.4584782915,small_cap,False,True,ETF,2026-03-06
LRMR,"Larimar Therapeutics, Inc.",NASDAQ,35202010,Pharmaceuticals,445497984.0,32621953.55071942,small_cap,False,True,EDGAR,2026-03-06
ALT,"Altimmune, Inc.",NASDAQ,35202010,Pharmaceuticals,443945760.0,22202574.56049919,small_cap,True,True,EDGAR,2026-03-06
RGNX,REGENXBIO Inc.,NASDAQ,35201010,Biotechnology,438649056.0,11334470.796672503,small_cap,True,True,EDGAR,2026-03-06
EBS,Emergent BioSolutions Inc.,NYSE,35202010,Pharmaceuticals,435127904.0,9634150.44681867,small_cap,True,True,EDGAR,2026-03-06
AVXL,Anavex Life Sciences Corp.,NASDAQ,35201010,Biotechnology,433703808.0,5496442.207049529,small_cap,True,True,EDGAR,2026-03-06
LCTX,"Lineage Cell Therapeutics, Inc.",AMEX,35201010,Biotechnology,422651040.0,2015694.372107188,small_cap,False,True,EDGAR,2026-03-06
PACB,Pacific Biosciences of Californ,NASDAQ,,,416757664.0,13613968.427722057,small_cap,False,True,ETF,2026-03-06
UPB,"Upstream Bio, Inc.",NASDAQ,35202010,Pharmaceuticals,415286592.0,23494457.08279292,small_cap,True,True,EDGAR,2026-03-06
DNA,"Ginkgo Bioworks Holdings, Inc.",NYSE,35201010,Biotechnology,404446528.0,10389136.758295694,small_cap,False,True,EDGAR,2026-03-06
NBP,NovaBridge Biosciences,NASDAQ,35202010,Pharmaceuticals,402942144.0,1999728.5822319984,small_cap,False,True,EDGAR,2026-03-06
AUTL,Autolus Therapeutics plc,NASDAQ,35201010,Biotechnology,400545632.0,2447295.980194807,small_cap,False,True,EDGAR,2026-03-06
PEPG,PepGen Inc.,NASDAQ,35202010,Pharmaceuticals,392896096.0,4022765.1382541656,small_cap,False,True,EDGAR,2026-03-06
ENTA,"Enanta Pharmaceuticals, Inc.",NASDAQ,35202010,Pharmaceuticals,392051360.0,2820015.6675084434,small_cap,False,True,EDGAR,2026-03-06
LAB,Standard BioTools Inc.,NASDAQ,,,380758208.0,2007784.5714422066,small_cap,False,True,ETF,2026-03-06
LENZ,"LENZ Therapeutics, Inc.",NASDAQ,35201010,Biotechnology,365779712.0,14924199.456249872,small_cap,False,True,EDGAR,2026-03-06
CADL,"Candel Therapeutics, Inc.",NASDAQ,35201010,Biotechnology,362206080.0,6177855.033804576,small_cap,False,True,EDGAR,2026-03-06
BCYC,Bicycle Therapeutics plc,NASDAQ,35202010,Pharmaceuticals,359325696.0,2247594.443766276,small_cap,False,True,EDGAR,2026-03-06
ABSI,Absci Corporation,NASDAQ,35201010,Biotechnology,357884288.0,8077282.059291999,small_cap,True,True,ETF,2026-03-06
AURA,"Aura Biosciences, Inc.",NASDAQ,35201010,Biotechnology,354348224.0,1247518.1943798065,small_cap,False,True,EDGAR,2026-03-06
KROS,"Keros Therapeutics, Inc.",NASDAQ,35202010,Pharmaceuticals,343910112.0,5073957.194073995,small_cap,True,True,EDGAR,2026-03-06
IMRX,Immuneering Corporation,NASDAQ,35202010,Pharmaceuticals,342866528.0,4659168.503135045,small_cap,True,True,EDGAR,2026-03-06
AKBA,"Akebia Therapeutics, Inc.",NASDAQ,35202010,Pharmaceuticals,341840704.0,4741883.075226943,small_cap,True,False,EDGAR,2026-03-06
NGNE,Neurogene Inc.,NASDAQ,35202010,Pharmaceuticals,340775616.0,3741622.6818084717,small_cap,False,True,EDGAR,2026-03-06
ACRS,"Aclaris Therapeutics, Inc.",NASDAQ,35202010,Pharmaceuticals,330994720.0,5066745.487209161,small_cap,False,True,EDGAR,2026-03-06
CABA,"Cabaletta Bio, Inc.",NASDAQ,35201010,Biotechnology,304198048.0,12593023.296945095,small_cap,False,True,EDGAR,2026-03-06
RZLT,"Rezolute, Inc.",NASDAQ,35202010,Pharmaceuticals,299055264.0,8602386.790818373,micro_cap,True,False,EDGAR,2026-03-06
CCCC,"C4 Therapeutics, Inc.",NASDAQ,35201010,Biotechnology,295104416.0,5023309.402753909,micro_cap,False,True,EDGAR,2026-03-06
SLN,Silence Therapeutics Plc - Amer,NASDAQ,35202010,Pharmaceuticals,292378144.0,1067792.4789794285,micro_cap,False,True,EDGAR,2026-03-06
QTRX,Quanterix Corporation,NASDAQ,,,236356624.0,4220093.230846723,micro_cap,False,True,ETF,2026-03-06
RNA,"Atrium Therapeutics, Inc.",NASDAQ,35202010,Pharmaceuticals,229931808.0,53783214.79970932,micro_cap,True,False,EDGAR,2026-03-06
VYGR,"Voyager Therapeutics, Inc.",NASDAQ,35201010,Biotechnology,216284336.0,2195126.7185735703,micro_cap,False,True,EDGAR,2026-03-06
HUMA,"Humacyte, Inc.",NASDAQ,35201010,Biotechnology,216156096.0,5972842.46586144,micro_cap,False,True,EDGAR,2026-03-06
ARCT,Arcturus Therapeutics Holdings ,NASDAQ,35202010,Pharmaceuticals,202025536.0,3435114.51909701,micro_cap,False,True,EDGAR,2026-03-06
EDIT,"Editas Medicine, Inc.",NASDAQ,35201010,Biotechnology,195725424.0,3315527.1351647377,micro_cap,False,True,EDGAR,2026-03-06
TNYA,"Tenaya Therapeutics, Inc.",NASDAQ,35201010,Biotechnology,191564416.0,3629306.5681991973,micro_cap,False,True,EDGAR,2026-03-06
QSI,Quantum-Si Incorporated,NASDAQ,,,185708992.0,4227056.183829308,micro_cap,False,True,ETF,2026-03-06
SGMT,Sagimet Biosciences Inc. - Seri,NASDAQ,35202010,Pharmaceuticals,175616640.0,3913388.9888827004,micro_cap,False,True,EDGAR,2026-03-06
CRBU,"Caribou Biosciences, Inc.",NASDAQ,35201010,Biotechnology,169644496.0,2246931.782446305,micro_cap,False,True,EDGAR,2026-03-06
AARD,"Aardvark Therapeutics, Inc.",NASDAQ,35202010,Pharmaceuticals,127591376.0,2456928.502882322,micro_cap,False,True,EDGAR,2026-03-06
BDTX,"Black Diamond Therapeutics, Inc",NASDAQ,35201010,Biotechnology,122211184.0,1601230.9516970317,micro_cap,False,True,EDGAR,2026-03-06
GOSS,"Gossamer Bio, Inc.",NASDAQ,35202010,Pharmaceuticals,115866992.0,17695813.75974804,micro_cap,True,True,EDGAR,2026-03-06
CDXS,"Codexis, Inc.",NASDAQ,35201010,Biotechnology,111098992.0,1924575.464356343,micro_cap,False,True,ETF,2026-03-06
LLY,Eli Lilly and Company,NYSE,35202010,Pharmaceuticals,883106054144.0,3555478277.842407,large_cap,False,False,EDGAR,2026-03-06
JNJ,Johnson & Johnson,NYSE,35202010,Pharmaceuticals,579412033536.0,2184291937.9026794,large_cap,False,False,EDGAR,2026-03-06
NVS,Novartis AG,NYSE,35202010,Pharmaceuticals,309387919360.0,428885688.53286743,large_cap,False,False,EDGAR,2026-03-06
AZN,AstraZeneca PLC,NYSE,35202010,Pharmaceuticals,301328596992.0,520262325.2132416,large_cap,False,False,EDGAR,2026-03-06
MRK,"Merck & Company, Inc.",NYSE,35202010,Pharmaceuticals,286673829888.0,1479657561.2885284,large_cap,False,False,EDGAR,2026-03-06
ABT,Abbott Laboratories,NYSE,35202010,Pharmaceuticals,190971363328.0,1317355180.1440938,large_cap,False,False,EDGAR,2026-03-06
NVO,Novo Nordisk A/S,NYSE,35202010,Pharmaceuticals,171371593728.0,1283240332.6744716,large_cap,False,False,EDGAR,2026-03-06
PFE,"Pfizer, Inc.",NYSE,35202010,Pharmaceuticals,153671368704.0,1249443811.0216904,large_cap,False,False,EDGAR,2026-03-06
BMY,Bristol-Myers Squibb Company,NYSE,35202010,Pharmaceuticals,122616078336.0,796342445.715828,large_cap,False,False,EDGAR,2026-03-06
GSK,GSK plc,NYSE,35202010,Pharmaceuticals,110188101632.0,351234966.4330928,large_cap,False,False,EDGAR,2026-03-06
SNY,Sanofi,NASDAQ,35202010,Pharmaceuticals,107464974336.0,224983558.73182932,large_cap,False,False,EDGAR,2026-03-06
TAK,Takeda Pharmaceutical Company L,NYSE,35202010,Pharmaceuticals,56438980608.0,54952639.5223554,large_cap,False,False,EDGAR,2026-03-06
ZTS,Zoetis Inc.,NYSE,35202010,Pharmaceuticals,53517787136.0,576646466.1770121,large_cap,False,False,EDGAR,2026-03-06
IDXX,"IDEXX Laboratories, Inc.",NASDAQ,35203010,Life Science Tools & Services,48629059584.0,346190447.31221515,large_cap,False,False,EDGAR,2026-03-06
TEVA,Teva Pharmaceutical Industries ,NYSE,35202010,Pharmaceuticals,36103798784.0,319052124.6106402,large_cap,False,False,EDGAR,2026-03-06
RPRX,Royalty Pharma plc,NASDAQ,35202010,Pharmaceuticals,26294482944.0,167632793.98507437,large_cap,False,False,EDGAR,2026-03-06
VTRS,Viatris Inc.,NASDAQ,35202010,Pharmaceuticals,16303301632.0,162492610.49290657,large_cap,False,False,EDGAR,2026-03-06
RDY,Dr. Reddy's Laboratories Ltd,NYSE,35202010,Pharmaceuticals,11960024064.0,28213655.265067417,large_cap,False,False,EDGAR,2026-03-06
RGC,Regencell Bioscience Holdings L,NASDAQ,35202010,Pharmaceuticals,11682299904.0,7303127.973035176,large_cap,False,False,EDGAR,2026-03-06
ELAN,Elanco Animal Health Incorporat,NYSE,35202010,Pharmaceuticals,11576558592.0,114056150.30937195,large_cap,False,False,EDGAR,2026-03-06
RNAM,"Avidity Biosciences, Inc.",NASDAQ,35202010,Pharmaceuticals,11249150976.0,137332547.0885671,large_cap,False,False,EDGAR,2026-03-06
JAZZ,Jazz Pharmaceuticals plc,NASDAQ,35202010,Pharmaceuticals,11214449664.0,177908923.70803833,large_cap,False,False,EDGAR,2026-03-06
QGEN,Qiagen N.V.,NYSE,35201010,Biotechnology,9201246208.0,120936221.09362285,mid_cap,False,False,EDGAR,2026-03-06
BLTE,"Belite Bio, Inc",NASDAQ,35202010,Pharmaceuticals,6535048704.0,38372455.146128334,mid_cap,False,False,EDGAR,2026-03-06
LNTH,"Lantheus Holdings, Inc.",NASDAQ,35203010,Life Science Tools & Services,4931615744.0,62047069.802881874,mid_cap,False,False,EDGAR,2026-03-06
AMRX,"Amneal Pharmaceuticals, Inc.",NASDAQ,35202010,Pharmaceuticals,4162542592.0,47333435.920451485,mid_cap,False,False,EDGAR,2026-03-06
INDV,"Indivior Pharmaceuticals, Inc.",NASDAQ,35202010,Pharmaceuticals,4033287936.0,60299111.6775767,mid_cap,False,False,EDGAR,2026-03-06
LGND,Ligand Pharmaceuticals Incorpor,NASDAQ,35202010,Pharmaceuticals,4017740800.0,37045329.5648702,mid_cap,False,False,EDGAR,2026-03-06
CORT,Corcept Therapeutics Incorporat,NASDAQ,35202010,Pharmaceuticals,3594377984.0,83475660.27880351,mid_cap,False,False,EDGAR,2026-03-06
KNSA,Kiniksa Pharmaceuticals Interna,NASDAQ,35202010,Pharmaceuticals,3525602048.0,27326530.617815655,mid_cap,False,False,EDGAR,2026-03-06
PBH,Prestige Consumer Healthcare In,NYSE,35202010,Pharmaceuticals,3230524160.0,28831258.483022053,mid_cap,False,False,EDGAR,2026-03-06
LQDA,Liquidia Corporation,NASDAQ,35202010,Pharmaceuticals,3121832704.0,72217611.13002141,mid_cap,False,False,EDGAR,2026-03-06
SUPN,"Supernus Pharmaceuticals, Inc.",NASDAQ,35202010,Pharmaceuticals,3090062336.0,44037594.04914856,mid_cap,False,False,EDGAR,2026-03-06
TLX,Telix Pharmaceuticals Limited,NASDAQ,35202010,Pharmaceuticals,2545909504.0,1958305.9740606945,mid_cap,False,False,EDGAR,2026-03-06
OCUL,"Ocular Therapeutix, Inc.",NASDAQ,35202010,Pharmaceuticals,2224809984.0,69329295.50430457,mid_cap,False,False,EDGAR,2026-03-06
NEOG,Neogen Corporation,NASDAQ,35203010,Life Science Tools & Services,2104563968.0,34646648.66161982,mid_cap,False,False,EDGAR,2026-03-06
BHC,Bausch Health Companies Inc.,NYSE,35202010,Pharmaceuticals,2002918144.0,15654870.758994421,mid_cap,False,False,EDGAR,2026-03-06
NKTR,Nektar Therapeutics,NASDAQ,35202010,Pharmaceuticals,1981929216.0,86299421.0280482,small_cap,False,False,EDGAR,2026-03-06
PAHC,Phibro Animal Health Corporatio,NASDAQ,35202010,Pharmaceuticals,1935735424.0,13987254.350776672,small_cap,False,False,EDGAR,2026-03-06
GLTO,"Galecto, Inc.",NASDAQ,35202010,Pharmaceuticals,1732805632.0,7902418.05920283,small_cap,False,False,EDGAR,2026-03-06
OGN,Organon & Co.,NYSE,35202010,Pharmaceuticals,1719384832.0,36823993.702233635,small_cap,False,False,EDGAR,2026-03-06
MANE,"Veradermics, Incorporated",NYSE,35202010,Pharmaceuticals,1719127808.0,17865231.474358696,small_cap,False,False,EDGAR,2026-03-06
RAPT,"RAPT Therapeutics, Inc.",NASDAQ,35202010,Pharmaceuticals,1680292864.0,181061004.58750483,small_cap,False,False,EDGAR,2026-03-06
ANIP,"ANI Pharmaceuticals, Inc.",NASDAQ,35202010,Pharmaceuticals,1664823936.0,31200275.914764404,small_cap,False,False,EDGAR,2026-03-06
INVA,"Innoviva, Inc.",NASDAQ,35202010,Pharmaceuticals,1647536256.0,17870594.003067017,small_cap,False,False,EDGAR,2026-03-06
HRMY,"Harmony Biosciences Holdings, I",NASDAQ,35202010,Pharmaceuticals,1644119424.0,33662198.435783386,small_cap,False,False,EDGAR,2026-03-06
OCS,Oculis Holding AG,NASDAQ,35202010,Pharmaceuticals,1560941184.0,9388747.492790222,small_cap,False,False,EDGAR,2026-03-06
CAPR,"Capricor Therapeutics, Inc.",NASDAQ,35202010,Pharmaceuticals,1519644032.0,26251809.54735438,small_cap,False,False,EDGAR,2026-03-06
PRGO,Perrigo Company plc,NYSE,35202010,Pharmaceuticals,1482898688.0,39936605.96754074,small_cap,False,False,EDGAR,2026-03-06
GENB,"Generate Biomedicines, Inc.",NASDAQ,35202010,Pharmaceuticals,1428716800.0,27156191.96105957,small_cap,False,False,EDGAR,2026-03-06
QDEL,QuidelOrtho Corporation,NASDAQ,35203010,Life Science Tools & Services,1417462400.0,30512284.850788116,small_cap,False,False,EDGAR,2026-03-06
HROW,"Harrow, Inc.",NASDAQ,35202010,Pharmaceuticals,1347237376.0,33825361.15273794,small_cap,False,False,EDGAR,2026-03-06
IMTX,Immatics N.V.,NASDAQ,35201010,Biotechnology,1317874304.0,3749951.226542791,small_cap,False,False,EDGAR,2026-03-06
MLTX,MoonLake Immunotherapeutics,NASDAQ,35202010,Pharmaceuticals,1299171072.0,21810711.232926052,small_cap,False,False,EDGAR,2026-03-06
IVA,Inventiva S.A. - American Depos,NASDAQ,35202010,Pharmaceuticals,1273432448.0,2836913.970120748,small_cap,False,False,EDGAR,2026-03-06
DBVT,DBV Technologies S.A.,NASDAQ,35201010,Biotechnology,1217329664.0,7470114.159965515,small_cap,False,False,EDGAR,2026-03-06
COLL,"Collegium Pharmaceutical, Inc.",NASDAQ,35202010,Pharmaceuticals,1182727808.0,17749262.079925537,small_cap,False,False,EDGAR,2026-03-06
AKTS,"Aktis Oncology, Inc.",NASDAQ,35202010,Pharmaceuticals,1042708800.0,4667555.048573812,small_cap,False,False,EDGAR,2026-03-06
VTYX,"Ventyx Biosciences, Inc.",NASDAQ,35202010,Pharmaceuticals,1004502016.0,24658913.51845455,small_cap,False,False,EDGAR,2026-03-06
NNNN,Anbio Biotechnology,NASDAQ,35203010,Life Science Tools & Services,999402624.0,1965808.1631978352,small_cap,False,False,EDGAR,2026-03-06
CRON,Cronos Group Inc. Common Share,NASDAQ,35202010,Pharmaceuticals,992278336.0,3531461.245625814,small_cap,False,False,EDGAR,2026-03-06
XERS,"Xeris Biopharma Holdings, Inc.",NASDAQ,35202010,Pharmaceuticals,964020096.0,12783738.642695745,small_cap,False,False,EDGAR,2026-03-06
PCRX,"Pacira BioSciences, Inc.",NASDAQ,35202010,Pharmaceuticals,946898304.0,18349434.24166997,small_cap,False,False,EDGAR,2026-03-06
SDGR,"Schrodinger, Inc.",NASDAQ,35202010,Pharmaceuticals,941639232.0,22295310.560766857,small_cap,False,False,EDGAR,2026-03-06
SLS,"SELLAS Life Sciences Group, Inc",NASDAQ,35202010,Pharmaceuticals,939105408.0,26258135.667642754,small_cap,False,False,EDGAR,2026-03-06
AMPH,"Amphastar Pharmaceuticals, Inc.",NASDAQ,35202010,Pharmaceuticals,889174592.0,11754529.137020111,small_cap,False,False,EDGAR,2026-03-06
TLRY,"Tilray Brands, Inc.",NASDAQ,35202010,Pharmaceuticals,841179904.0,23460894.492785137,small_cap,False,False,EDGAR,2026-03-06
MPLT,"MapLight Therapeutics, Inc.",NASDAQ,35202010,Pharmaceuticals,837813056.0,3095326.7487366996,small_cap,False,False,EDGAR,2026-03-06
EVMN,"Evommune, Inc.",NYSE,35202010,Pharmaceuticals,836018944.0,25989728.915106457,small_cap,False,False,EDGAR,2026-03-06
OMER,Omeros Corporation,NASDAQ,35202010,Pharmaceuticals,816773312.0,12377406.792001724,small_cap,False,False,EDGAR,2026-03-06
EIKN,"Eikon Therapeutics, Inc.",NASDAQ,35201010,Biotechnology,779533760.0,9219055.124368668,small_cap,False,False,EDGAR,2026-03-06
DRUG,Bright Minds Biosciences Inc.,NASDAQ,35202010,Pharmaceuticals,753679936.0,8405670.823084513,small_cap,False,False,EDGAR,2026-03-06
LXRX,"Lexicon Pharmaceuticals, Inc.",NASDAQ,35202010,Pharmaceuticals,708283328.0,4657965.739058654,small_cap,False,False,EDGAR,2026-03-06
PROK,ProKidney Corp.,NASDAQ,35201010,Biotechnology,696431552.0,1644834.6050715446,small_cap,False,False,EDGAR,2026-03-06
JBIO,"Jade Biosciences, Inc.",NASDAQ,35202010,Pharmaceuticals,693852672.0,3565042.520376841,small_cap,False,False,EDGAR,2026-03-06
AGMB,AgomAb Therapeutics NV,NASDAQ,35201010,Biotechnology,664769664.0,4405156.140397725,small_cap,False,False,EDGAR,2026-03-06
ZURA,Zura Bio Limited,NASDAQ,35201010,Biotechnology,658472128.0,3459524.473079046,small_cap,False,False,EDGAR,2026-03-06
ESPR,"Esperion Therapeutics, Inc.",NASDAQ,35202010,Pharmaceuticals,651447872.0,13422820.425006548,small_cap,False,False,EDGAR,2026-03-06
VOR,Vor Biopharma Inc.,NASDAQ,35201010,Biotechnology,626119168.0,10380706.45248731,small_cap,False,False,EDGAR,2026-03-06
LBRX,LB Pharmaceuticals Inc,NASDAQ,35202010,Pharmaceuticals,602371584.0,4716083.942991893,small_cap,False,False,EDGAR,2026-03-06
ENGN,enGene Holdings Inc.,NASDAQ,35201010,Biotechnology,580463680.0,3538471.588370005,small_cap,False,False,EDGAR,2026-03-06
OCGN,"Ocugen, Inc.",NASDAQ,35201010,Biotechnology,531895200.0,8742592.717091242,small_cap,False,False,EDGAR,2026-03-06
AQST,"Aquestive Therapeutics, Inc.",NASDAQ,35202010,Pharmaceuticals,516683200.0,19392235.45060237,small_cap,False,False,EDGAR,2026-03-06
CRMD,CorMedix Inc.,NASDAQ,35202010,Pharmaceuticals,507795424.0,14148581.778081259,small_cap,False,False,EDGAR,2026-03-06
CLYM,"Climb Bio, Inc.",NASDAQ,35202010,Pharmaceuticals,489905152.0,3847750.6927378974,small_cap,False,False,EDGAR,2026-03-06
IMMX,"Immix Biopharma, Inc.",NASDAQ,35202010,Pharmaceuticals,488246304.0,5618873.688762982,small_cap,False,False,EDGAR,2026-03-06
EPRX,Eupraxia Pharmaceuticals Inc.,NASDAQ,35202010,Pharmaceuticals,467844096.0,2073384.7082455952,small_cap,False,False,EDGAR,2026-03-06
ETON,"Eton Pharmaceuticals, Inc.",NASDAQ,35202010,Pharmaceuticals,450400512.0,4622049.437376658,small_cap,False,False,EDGAR,2026-03-06
ASMB,"Assembly Biosciences, Inc.",NASDAQ,35202010,Pharmaceuticals,449760352.0,2814966.522986094,small_cap,False,False,EDGAR,2026-03-06
CGC,Canopy Growth Corporation,NASDAQ,35202010,Pharmaceuticals,445152256.0,11770298.253804049,small_cap,False,False,EDGAR,2026-03-06
NATR,"Nature's Sunshine Products, Inc",NASDAQ,35202010,Pharmaceuticals,442123296.0,3490989.5318857827,small_cap,False,False,EDGAR,2026-03-06
SIGA,SIGA Technologies Inc.,NASDAQ,35202010,Pharmaceuticals,414987520.0,2864081.5758546195,small_cap,False,False,EDGAR,2026-03-06
STRO,"Sutro Biopharma, Inc.",NASDAQ,35201010,Biotechnology,414692672.0,2138197.4630228677,small_cap,False,False,EDGAR,2026-03-06
CYRX,"CryoPort, Inc.",NASDAQ,35202010,Pharmaceuticals,404056032.0,3220452.33265241,small_cap,False,False,EDGAR,2026-03-06
NAGE,"Niagen Bioscience, Inc.",NASDAQ,35202010,Pharmaceuticals,403420000.0,6550347.066895167,small_cap,False,False,EDGAR,2026-03-06
DMAC,DiaMedica Therapeutics Inc.,NASDAQ,35202010,Pharmaceuticals,402558624.0,1566314.5779689152,small_cap,False,False,EDGAR,2026-03-06
SNDL,SNDL Inc.,NASDAQ,35202010,Pharmaceuticals,390112512.0,1829468.7633879979,small_cap,False,False,EDGAR,2026-03-06
BNTC,Benitec Biopharma Inc.,NASDAQ,35202010,Pharmaceuticals,389820864.0,1795887.7429644268,small_cap,False,False,EDGAR,2026-03-06
MNPR,Monopar Therapeutics Inc.,NASDAQ,35202010,Pharmaceuticals,380840480.0,15113936.37388865,small_cap,False,False,EDGAR,2026-03-06
STTK,"Shattuck Labs, Inc.",NASDAQ,35202010,Pharmaceuticals,379679072.0,2739413.794500828,small_cap,False,False,EDGAR,2026-03-06
CBIO,"Crescent Biopharma, Inc.",NASDAQ,35202010,Pharmaceuticals,366274624.0,2131736.0755729675,small_cap,False,False,EDGAR,2026-03-06
FBRX,"Forte Biosciences, Inc.",NASDAQ,35202010,Pharmaceuticals,360650464.0,7126299.7933705645,small_cap,False,False,EDGAR,2026-03-06
EOLS,"Evolus, Inc. Common Stock",NASDAQ,35202010,Pharmaceuticals,358777504.0,6691968.926488559,small_cap,False,False,EDGAR,2026-03-06
ORGO,Organogenesis Holdings Inc.,NASDAQ,35202010,Pharmaceuticals,356977888.0,2461410.4426940284,small_cap,False,False,EDGAR,2026-03-06
IRD,"Opus Genetics, Inc.",NASDAQ,35202010,Pharmaceuticals,338614240.0,3722288.7403941154,small_cap,False,False,EDGAR,2026-03-06
VACH,Voyager Acquisition Corp,NASDAQ,35201010,Biotechnology,338071232.0,2502799.367313385,small_cap,False,False,EDGAR,2026-03-06
ANL,Adlai Nortye Ltd.,NASDAQ,35202010,Pharmaceuticals,331364384.0,8826980.480457941,small_cap,False,False,EDGAR,2026-03-06
USNA,"USANA Health Sciences, Inc.",NYSE,35202010,Pharmaceuticals,326953120.0,2697886.1428515115,small_cap,False,False,EDGAR,2026-03-06
RLMD,"Relmada Therapeutics, Inc.",NASDAQ,35202010,Pharmaceuticals,326334624.0,2462261.7898774147,small_cap,False,False,EDGAR,2026-03-06
XFOR,"X4 Pharmaceuticals, Inc.",NASDAQ,35201010,Biotechnology,325264480.0,1729754.3660966556,small_cap,False,False,EDGAR,2026-03-06
XOMA,XOMA Royalty Corporation,NASDAQ,35202010,Pharmaceuticals,321960672.0,8085600.410404205,small_cap,False,False,EDGAR,2026-03-06
AVTX,"Avalo Therapeutics, Inc.",NASDAQ,35202010,Pharmaceuticals,321011200.0,7924688.7320963545,small_cap,False,False,EDGAR,2026-03-06
GLSI,"Greenwich LifeSciences, Inc.",NASDAQ,35202010,Pharmaceuticals,319000768.0,10912524.294071198,small_cap,False,False,EDGAR,2026-03-06
TARA,"Protara Therapeutics, Inc.",NASDAQ,35201010,Biotechnology,316700704.0,7637593.264636993,small_cap,False,False,EDGAR,2026-03-06
PBYI,Puma Biotechnology Inc,NASDAQ,35202010,Pharmaceuticals,305118144.0,3330097.9624350867,small_cap,False,False,EDGAR,2026-03-06
AMRN,Amarin Corporation plc,NASDAQ,35202010,Pharmaceuticals,292345152.0,1304984.1462294261,micro_cap,False,False,EDGAR,2026-03-06
ALXO,ALX Oncology Holdings Inc.,NASDAQ,35202010,Pharmaceuticals,291257600.0,1875245.2701123555,micro_cap,False,False,EDGAR,2026-03-06
ALDX,"Aldeyra Therapeutics, Inc.",NASDAQ,35202010,Pharmaceuticals,289172352.0,4375372.928051949,micro_cap,False,False,EDGAR,2026-03-06
CNTX,Context Therapeutics Inc.,NASDAQ,35202010,Pharmaceuticals,287581824.0,3735687.970538934,micro_cap,False,False,EDGAR,2026-03-06
CHRS,"Coherus Oncology, Inc.",NASDAQ,35201010,Biotechnology,271289888.0,6087027.100221713,micro_cap,False,False,EDGAR,2026-03-06
ABEO,Abeona Therapeutics Inc.,NASDAQ,35202010,Pharmaceuticals,262828096.0,5365639.456995328,micro_cap,False,False,EDGAR,2026-03-06
HELP,Cybin Inc.,NASDAQ,35202010,Pharmaceuticals,262443152.0,5363180.89700381,micro_cap,False,False,EDGAR,2026-03-06
PALI,"Palisade Bio, Inc.",NASDAQ,35201010,Biotechnology,243947264.0,5835405.49964269,micro_cap,False,False,EDGAR,2026-03-06
IKT,"Inhibikase Therapeutics, Inc.",NASDAQ,35201010,Biotechnology,228588384.0,4475990.695043802,micro_cap,False,False,EDGAR,2026-03-06
ACHV,"Achieve Life Sciences, Inc.",NASDAQ,35203010,Life Science Tools & Services,228107632.0,2512492.950911522,micro_cap,False,False,EDGAR,2026-03-06
SRZN,"Surrozen, Inc.",NASDAQ,35201010,Biotechnology,226971232.0,3078433.8322639465,micro_cap,False,False,EDGAR,2026-03-06
IPSC,"Century Therapeutics, Inc.",NASDAQ,35201010,Biotechnology,222446528.0,2547983.8701526322,micro_cap,False,False,EDGAR,2026-03-06
ELDN,"Eledon Pharmaceuticals, Inc.",NASDAQ,35202010,Pharmaceuticals,221372224.0,1605555.2085439365,micro_cap,False,False,EDGAR,2026-03-06
ALEC,"Alector, Inc.",NASDAQ,35201010,Biotechnology,221276992.0,1777072.6064685981,micro_cap,False,False,EDGAR,2026-03-06
SLGL,Sol-Gel Technologies Ltd.,NASDAQ,35202010,Pharmaceuticals,220411472.0,2042447.0636876423,micro_cap,False,False,EDGAR,2026-03-06
MDWD,MediWound Ltd.,NASDAQ,35202010,Pharmaceuticals,217813120.0,1725742.151075999,micro_cap,False,False,EDGAR,2026-03-06
PLX,"Protalix BioTherapeutics, Inc. ",AMEX,35201010,Biotechnology,210703488.0,4453819.342509906,micro_cap,False,False,EDGAR,2026-03-06
ABOS,"Acumen Pharmaceuticals, Inc.",NASDAQ,35201010,Biotechnology,201103760.0,2558780.1328118644,micro_cap,False,False,EDGAR,2026-03-06
ELTX,"Elicio Therapeutics, Inc.",NASDAQ,35202010,Pharmaceuticals,200718128.0,1471620.0582869847,micro_cap,False,False,EDGAR,2026-03-06
OGI,Organigram Global Inc.,NASDAQ,35202010,Pharmaceuticals,200396128.0,1118499.3987596035,micro_cap,False,False,EDGAR,2026-03-06
ACB,Aurora Cannabis Inc.,NASDAQ,35202010,Pharmaceuticals,199333632.0,3812704.0502357483,micro_cap,False,False,EDGAR,2026-03-06
THAR,"Tharimmune, Inc.",NASDAQ,35202010,Pharmaceuticals,187371472.0,5031188.321140496,micro_cap,False,False,EDGAR,2026-03-06
SABS,"SAB Biotherapeutics, Inc.",NASDAQ,35201010,Biotechnology,179477824.0,1420570.5709767342,micro_cap,False,False,EDGAR,2026-03-06
NKTX,"Nkarta, Inc.",NASDAQ,35202010,Pharmaceuticals,177218624.0,1902137.234386603,micro_cap,False,False,EDGAR,2026-03-06
CNTN,"Canton Strategic Holdings, Inc.",NASDAQ,35202010,Pharmaceuticals,176896064.0,5779020.632647674,micro_cap,False,False,EDGAR,2026-03-06
HRTX,"Heron Therapeutics, Inc.",NASDAQ,35202010,Pharmaceuticals,176046368.0,1913975.4351174831,micro_cap,False,False,EDGAR,2026-03-06
TNXP,Tonix Pharmaceuticals Holding C,NASDAQ,35202010,Pharmaceuticals,171615904.0,5623912.222458522,micro_cap,False,False,EDGAR,2026-03-06
KPTI,Karyopharm Therapeutics Inc.,NASDAQ,35202010,Pharmaceuticals,160693168.0,5411112.455647786,micro_cap,False,False,EDGAR,2026-03-06
RANI,"Rani Therapeutics Holdings, Inc",NASDAQ,35202010,Pharmaceuticals,158825968.0,1204479.3394720554,micro_cap,False,False,EDGAR,2026-03-06
FATE,"Fate Therapeutics, Inc.",NASDAQ,35201010,Biotechnology,155211712.0,2237941.7061142125,micro_cap,False,False,EDGAR,2026-03-06
IMUX,"Immunic, Inc.",NASDAQ,35202010,Pharmaceuticals,150355904.0,4288243.681579431,micro_cap,False,False,EDGAR,2026-03-06
ZNTL,"Zentalis Pharmaceuticals, Inc.",NASDAQ,35202010,Pharmaceuticals,148603040.0,1699452.9124212265,micro_cap,False,False,EDGAR,2026-03-06
MGNX,"MacroGenics, Inc.",NASDAQ,35202010,Pharmaceuticals,142015392.0,1392985.8361136913,micro_cap,False,False,EDGAR,2026-03-06
UNCY,"Unicycive Therapeutics, Inc.",NASDAQ,35202010,Pharmaceuticals,141735760.0,4052470.0947968164,micro_cap,False,False,EDGAR,2026-03-06
CRBP,Corbus Pharmaceuticals Holdings,NASDAQ,35202010,Pharmaceuticals,140950880.0,1392119.2022514343,micro_cap,False,False,EDGAR,2026-03-06
SGMO,"Sangamo Therapeutics, Inc.",NASDAQ,35201010,Biotechnology,140348176.0,3075479.5821176968,micro_cap,False,False,EDGAR,2026-03-06
VTVT,vTv Therapeutics Inc.,NASDAQ,35202010,Pharmaceuticals,139642112.0,1100732.828432719,micro_cap,False,False,EDGAR,2026-03-06
OVID,Ovid Therapeutics Inc.,NASDAQ,35202010,Pharmaceuticals,136371648.0,2446004.226395289,micro_cap,False,False,EDGAR,2026-03-06
MIST,Milestone Pharmaceuticals Inc.,NASDAQ,35202010,Pharmaceuticals,134993408.0,3211484.9980918565,micro_cap,False,False,EDGAR,2026-03-06
CRDF,"Cardiff Oncology, Inc.",NASDAQ,35201010,Biotechnology,129209800.0,2725273.4098279476,micro_cap,False,False,EDGAR,2026-03-06
INO,"Inovio Pharmaceuticals, Inc.",NASDAQ,35202010,Pharmaceuticals,120574424.0,1623247.6988995075,micro_cap,False,False,EDGAR,2026-03-06
GANX,"Gain Therapeutics, Inc.",NASDAQ,35202010,Pharmaceuticals,117501672.0,1377147.8924381733,micro_cap,False,False,EDGAR,2026-03-06
ONCY,Oncolytics Biotech Inc.,NASDAQ,35202010,Pharmaceuticals,116214888.0,1804051.6098799307,micro_cap,False,False,EDGAR,2026-03-06
AGEN,Agenus Inc.,NASDAQ,35201010,Biotechnology,106979376.0,1399547.3668909073,micro_cap,False,False,EDGAR,2026-03-06
KRRO,"Korro Bio, Inc.",NASDAQ,35202010,Pharmaceuticals,105191184.0,2880395.2766640983,micro_cap,False,False,EDGAR,2026-03-06
FBIO,"Fortress Biotech, Inc.",NASDAQ,35202010,Pharmaceuticals,103045952.0,3554309.5606819787,micro_cap,False,False,EDGAR,2026-03-06
